X,poondi,cholavaram,redhills,chembarambakkam,bar_width,title,x-title,y-title
2004.9912408759100,2990.033203125,887.043212890625,3289.03662109375,3089.700927734380,0.7012727946260550,Rainfall level in Chennai reservior in December of Every year,Rainfall level,_ Year .
2008.9766423357700,3099.667724609380,887.043212890625,2950.166015625,3169.435302734380,,,,
2012.9182481751800,3109.634521484380,887.043212890625,3209.30224609375,3129.568115234380,,,,
2016.9211678832100,3239.20263671875,887.043212890625,3219.26904296875,3009.966796875,,,,
2020.897810218980,3239.20263671875,887.043212890625,3259.13623046875,3199.33544921875,,,,
2024.8306569343100,2681.063232421880,897.0099487304690,3019.93359375,3109.634521484380,,,,