X,Y,title,x-title,y-title
11,0,Abortion Rate among different age groups,Abortion rate,_ Age
14.858156028368796,22.8
19.9645390070922,35.4
24.9645390070922,24.2
29.9645390070922,16.066666666666666
34.9645390070922,11.066666666666666
39.9645390070922,3.7333333333333334
45,0
