X,joe,jane,john,bar_type,title,x-title,y-title
Bananas,5.214285850524900,0.7899159789085390,1.9243696928024300,Horizontal Stacked Bar,Stacked bar chart,Total fruit consumption,_
Grapes,1.9369747638702400,1.8739495277404800,7.394958019256590,,,,
Pears,4.105041980743410,2.9831931591033900,4.117647171020510,,,,
Oranges,4.105041980743410,1.8991596698761000,3.0084033012390100,,,,
Apples,3.0210084915161100,1.8991596698761000,5.176470756530760,,,,
