X,acceleration,sprintspeed,balance,shotpower,jumping,stamina,bar_width,title,x-title,y-title
0.9814814814814815,92.37287902832031,85.25423431396484,94.40677642822266,87.28813934326172,68.98304748535156,71.01695251464844,0.5925925925925926,Rating of players aspects,Players,Rating out of 100
1.9814814814814814,90.33898162841797,90.33898162841797,70.0,96.44068145751953,95.4237289428711,88.30508422851562
2.9814814814814814,95.4237289428711,89.32203674316406,83.2203369140625,82.2033920288086,61.86440658569336,80.16949462890625
3.9814814814814814,57.79661178588867,57.79661178588867,42.54237365722656,33.38983154296875,67.96610260009766,42.54237365722656
5.0,79.15254211425781,75.08474731445312,77.11864471435547,92.37287902832031,63.8983039855957,90.33898162841797
6.0,95.4237289428711,87.28813934326172,93.38983154296875,84.23728942871094,56.779659271240234,82.2033920288086
7.0,81.18643951416016,72.03389739990234,93.38983154296875,80.16949462890625,68.98304748535156,89.32203674316406
8.0,87.28813934326172,74.06779479980469,83.2203369140625,87.28813934326172,70.0,89.32203674316406
9.0,77.11864471435547,75.08474731445312,64.91525268554688,81.18643951416016,93.38983154296875,84.23728942871094
10.0,44.576271057128906,58.813560485839844,49.66101837158203,23.220338821411133,77.11864471435547,40.50847625732422
