X,elementary education,adult education,higher education,computer course,bar_width,title,x-title,y-title
Assam,347.4714660644531,1668.841796875,0.0,0.0,35.666666666666664,Prisoners Benefitted by Education in India,State,No.of prisoners
Bihar,161.5008087158203,0.0,445.3507385253906,0.0
Chhattisgarh,856.4437255859375,455.138671875,0.0,0.0
Goa,0.0,0.0,0.0,0.0
Gujarat,2021.2071533203125,249.5921630859375,0.0,0.0
Haryana,0.0,464.9266052246094,0.0,0.0
Maharashtra,406.19903564453125,2725.93798828125,523.6541748046875,1492.6590576171875
Manipur,0.0,0.0,0.0,0.0
Meghalaya,0.0,0.0,0.0,0.0
