X,Y,bar_type,title,x-title,y-title
14.858156028368800,22.8,Horizontal Simple Bar,Abortion Rate among different age groups,Abortion rate,Age
19.9645390070922,35.4,,,,
24.9645390070922,24.2,,,,
29.9645390070922,16.066666666666700,,,,
34.9645390070922,11.066666666666700,,,,
39.9645390070922,3.7333333333333300,,,,