X,2005-06,2006-07,bar_type,title,x-title,y-title
Maths,29.5183048248291,59.229286193847700,Vertical Grouped Bar,_,Subjects,Marks obtained by a student
S. Science,49.17148208618160,54.142581939697300,,,,
Science,43.96916961669920,49.28709030151370,,,,
English,49.17148208618160,44.08477783203130,,,,
Hindi,59.229286193847700,59.229286193847700,,,,