X,quarter 1,quarter 2,quarter 3,quarter 4,bar_type,title,x-title,y-title
KENT,44332.12890625,44548.73828125,50722.0234375,56028.8828125,Vertical Grouped Bar,Quaterly revenue in countries,Country,Revenue
LINCOLN,52454.875,36101.08203125,43790.61328125,44873.64453125,,,,
MERSEY,43140.79296875,40649.8203125,39458.484375,40758.12109375,,,,
YORK,38483.75390625,33718.41015625,26787.00390625,43574.0078125,,,,
