X,summer,winter,bar_type,title,x-title,y-title
City A,25.620914459228500,9.248366355896000,Vertical Grouped Bar,City Temperature,_,Temperature (*C)
City B,24.44444465637210,5.816993236541750,,,,
City C,27.77777862548830,4.836601257324220,,,,
City D,39.44444274902340,6.895424842834470,,,,
City E,20.9150333404541,8.758170127868650,,,,
