X,high temp,low temp,bar_type,title,x-title,y-title
2006.977596741340,78.98601531982420,62.622379302978500,Horizontal Grouped Bar,Temperature on day of Triple Crown Race,Temperature,Year'
2007.979633401220,76.0489501953125,50.45454406738280,,,,
2008.9816700611000,76.0489501953125,63.46154022216800,,,,
2009.9837067209800,84.02098083496090,65.55944061279300,,,,
2010.9979633401200,76.88811492919920,57.377620697021500,,,,
2012.0,68.91608428955080,54.44055938720700,,,,
2013.0020366598800,77.93706512451170,66.60839080810550,,,,
2014.0040733197600,70.80419921875,61.57342529296880,,,,
