bin_center,freq,bin_width
61.11917098445596,27.21311475409836,2.39378238341969
63.38860103626943,27.21311475409836,2.331606217616581
65.62694300518135,59.67213114754098,2.3005181347150265
67.89637305699482,46.721311475409834,2.331606217616581
70.16580310880829,38.68852459016393,2.331606217616581
72.43523316062176,21.475409836065573,2.331606217616581
74.70466321243524,16.39344262295082,2.331606217616581
