X,station 1,station 2,station 3,station 3,bar_width,title,x-title,y-title
January,0.35213205218315125,0.38514444231987,0.946354866027832,6.839064598083496,34.0,Phosphate lon concentration in river water,lon concentration,_ Month |
February,0.0,0.0,0.43466299772262573,0.7977991700172424
March,0.0,0.18707014620304108,0.5997248888015747,1.7716643810272217
April,0.698762059211731,0.566712498664856,1.606602430343628,4.759284496307373
May,0.18707014620304108,0.3191196620464325,0.5997248888015747,2.233837604522705
June,0.07152682542800903,0.28610730171203613,0.0,0.35213205218315125
July,0.28610730171203613,0.0,0.0,0.0
August,0.0,0.0,1.5075653791427612,1.078404426574707
September,0.26960110664367676,0.5171939730644226,0.0,0.0
