X,cats,dogs,pig,rabbits,sheep,bar_width,title,x-title,y-title
Hawaii,88.31775665283203,118.59812927246094,0.0,0.0,14.299065589904785
lowa,307.00933837890625,650.1868896484375,133.73831176757812,98.41121673583984,608.130859375,20.903160572052002,Animal population across US States,Animal Population,State name
Idaho,66.44860076904297,138.78504943847656,27.757009506225586,37.850467681884766,7.570093631744385
Kentucky,206.07476806640625,349.0654296875,182.5233612060547,199.34579467773438,51.30841064453125
Louisiana,95.0467300415039,466.8224182128906,96.72897338867188,79.90653991699219,0.0
