X,product length,product height,width product,bar_width,title,x-title,y-title
0.9890350877192983,16.026784896850586,9.866071701049805,13.883928298950195,0.631578947368421,Product Dimensions,Products,Dimensions
1.9890350877192984,30.223215103149414,17.901784896850586,19.776784896850586
2.9890350877192984,18.16964340209961,8.794642448425293,14.6875
4.00219298245614,28.08035659790039,0.0,27.8125
5.00219298245614,20.04464340209961,16.83035659790039,12.8125
6.00219298245614,38.25893020629883,4.776785850524902,10.669642448425293
7.00219298245614,70.40178680419922,23.79464340209961,44.15178680419922
