bin_center,freq,bin_width,bar_type,title,x-title,y-title
61.11917098445600,27.377049180327900,2.424870466321240,Histogram,Heights of New York Choral Society Singers,Height,Frequency
63.35751295336790,27.377049180327900,2.331606217616580,,,,
65.62694300518140,59.83606557377050,2.331606217616580,,,,
67.89637305699480,46.885245901639300,2.331606217616580,,,,
70.16580310880830,38.85245901639340,2.331606217616580,,,,
72.43523316062180,21.63934426229510,2.331606217616580,,,,
74.70466321243520,16.557377049180300,2.331606217616580,,,,