bin_center,freq,bin_width,bar_type,title,x-title,y-title
0.0,85.21501706484640,1.6915379595388300,Histogram,_,n_visit,count
1.660213182510330,200.14675767918100,1.6810963671960000,,,,
3.3308679573635000,165.59044368600700,1.6915379595388300,,,,
4.991081139873830,106.71672354948800,1.6810963671960000,,,,
6.651294322384160,169.17406143344700,1.6810963671960000,,,,
8.32194909723733,180.18088737201400,1.6915379595388300,,,,
9.982162279747660,95.70989761092150,1.6810963671960000,,,,