bin_center,freq,bin_width,bar_type,title,x-title,y-title
-2.722929936305730,8.658743633276740,0.7070063694267520,Histogram,_,_,_
-2.035031847133760,36.162988115449900,0.7070063694267520,,,,
-1.3471337579617800,102.37691001697800,0.7070063694267520,,,,
-0.6592356687898080,222.58064516129000,0.7070063694267520,,,,
0.028662420382166600,285.7385398981320,0.7070063694267520,,,,
0.7165605095541410,224.61799660441400,0.7070063694267520,,,,
1.4044585987261200,90.15280135823430,0.7070063694267520,,,,
2.092356687898090,23.938879456706300,0.7165605095541400,,,,