X,4,r,f,bar_type,title,x-title,y-title
subcompact,3.993333339691160,8.993332862854000,21.913333892822300,Vertical Grouped Bar,_,class,count
 No label ,0.0,4.993333339691160,0.0,,,,
compact,11.953332901001000,0.0,34.87333297729490,,,,
midsize,2.9533333778381300,0.0,37.87333297729490,,,,
minivan,0.0,0.0,11.033333778381300,,,,
pickup,32.87333297729490,0.0,0.0,,,,
suv,50.83333206176760,11.15333366394040,0.0,,,,
2seater,0.0,0.0,0.0,,,,