X,c39,c52,bar_type,title,x-title,y-title
d16,3.1666667461395264,2.254257917404175,Vertical Grouped Bar,_,Date,Weight
d20,2.787104606628418,3.0936739444732666
d21,2.7214112281799316,1.4659367799758911
