X,round 1,round 2,round 3,bar_type,title,x-title,y-title
Player 1,7.979797840118410,3.9971139430999800,0.0,Vertical Grouped Bar,Game scores of players,Players,Scores
Player2,6.9927849769592300,7.96248197555542,7.96248197555542,,,,
Player3,1.0014430284500100,3.9797980785369900,1.9884560108184800,,,,
Player4,7.979797840118410,4.984127044677730,8.966811180114750,,,,
Player5,2.9927849769592300,5.971139907836910,6.97546911239624,,,,