X,women,men,bar_type,title,x-title,y-title
actor,26301.517578125,30206.07421875,Vertical Grouped Bar,Employed Workers by Gender for Select Jobs,Job,Employed
bartender,232592.1875,186062.90625
dentist,31507.591796875,141811.28125
engi ineer,50054.23046875,397559.65625
scientist,61767.89453125,116757.046875
sailor,0.0,31507.591796875
