X,round 1,round 2,round 3,bar_width,title,x-title,y-title
Playerl,7.979797840118408,3.9971139430999756,0.0
Player2,6.9927849769592285,7.96248197555542,7.96248197555542,29.478759765625,Game scores of players,Players,Scores
Player3,1.0014430284500122,3.9797980785369873,1.9884560108184814
Player4,7.979797840118408,4.984127044677734,8.966811180114746
Player5,2.9927849769592285,5.971139907836914,6.97546911239624

