bin_center,freq,bin_width
2.7470355731225293,17.735849056603776,1.375494071146245
1.4189723320158105,110.18867924528303,1.375494071146245
0.11462450592885443,137.35849056603774,1.3517786561264822
-1.2134387351778653,76.22641509433963,1.3517786561264822
-2.541501976284585,32.45283018867925,1.3517786561264822
-3.869565217391304,15.471698113207548,1.3517786561264822
-5.221343873517786,2.6415094339622645,1.3992094861660078
-6.549407114624506,2.6415094339622645,1.375494071146245
