X,high temp,low temp,bar_width,title,x-title,y-title
2006.977596741344,78.98601531982422,62.622379302978516,0.41906203757478344,Temperature on day of Triple Crown Race,Temperature,Year _ '
2007.979633401222,76.0489501953125,50.45454406738281
2008.9816700610997,76.0489501953125,63.46154022216797
2009.9837067209776,84.02098083496094,65.55944061279297
2010.9979633401222,76.88811492919922,57.377620697021484
2012.0,68.91608428955078,54.44055938720703
2013.0020366598778,77.93706512451172,66.60839080810547
2014.0040733197557,70.80419921875,61.57342529296875
